w_tqqq,w_upro,w_ugl,cagr,max_dd,sharpe,sortino,calmar,ulcer,upi,worst_1yr,worst_3yr,pct_3yr_neg,total_return,train_cagr,train_sharpe,train_dd,test_cagr,test_sharpe,test_dd,tt_sharpe_ratio
0.0,0.0,1.0,0.1759968456868164,-0.49149439209181417,0.5353521968309835,0.448997597247594,0.3580851552298874,0.2840408018911339,0.4365458936224995,-0.4004313963386087,-0.4294145530190333,0.24155405405405406,64.08465145551331,0.18915983500413036,0.5785833924747965,-0.44250477433371027,0.15353564338399828,0.4617481627401205,-0.4913042797563539,1.2530280338125197
0.0,0.05,0.95,0.18357483306291988,-0.45054839606743463,0.5708836843355816,0.5217668674760072,0.4074475343053797,0.24437760755176108,0.538407894164572,-0.3791547185417369,-0.3867975211297966,0.20608108108108109,75.5682733167979,0.19419588826887502,0.6082026570873703,-0.42432999279533884,0.16516863427897355,0.5072775299527096,-0.45054839606743463,1.198954460182909
0.0,0.1,0.9,0.19069876949534215,-0.40724706579872444,0.6073821231712447,0.5557411184203002,0.4682630901743367,0.2045942249138344,0.677921234354272,-0.3574255627979952,-0.34437438409848675,0.14442567567567569,88.14933463423672,0.19879331296037583,0.6383947986617775,-0.4058288052697965,0.17634207463692597,0.5545175348321401,-0.40724706579872444,1.151261697892075
0.0,0.15,0.85,0.1973602324886945,-0.38700582410917217,0.6441604136567146,0.677539419168818,0.5099670862654002,0.16851301202457847,0.8626053901849015,-0.33524704333836586,-0.299718872760239,0.11233108108108109,101.71753855718546,0.20294725466222308,0.6685656035373199,-0.38700582410917217,0.18704085075024368,0.602605281273184,-0.36127588410492184,1.1094585864311957
0.0,0.2,0.8,0.20355121285138433,-0.36786616320766524,0.6802932495064956,0.6253084145857525,0.553329534514641,0.1411922257695853,1.073367970689152,-0.31262292255301105,-0.25276895821292744,0.07516891891891891,116.11060728735663,0.2066532498206588,0.6979225194090523,-0.36786616320766524,0.19725024327096197,0.650361360501376,-0.31253622530736697,1.073130357669174
0.0,0.25,0.75,0.20926412750589374,-0.34841544675975983,0.714630051456787,0.6557918060447636,0.6006166760171974,0.11856654913808329,1.3263785498449738,-0.28955762783061534,-0.20346521561583275,0.03547297297297297,131.11367198584946,0.2099072321928257,0.7254789919749747,-0.34841544675975983,0.20695595368376418,0.696322355394521,-0.26152412696722643,1.0418723258769054
0.0,0.3,0.7,0.2144918317482234,-0.32865981749635365,0.7458590434082112,0.6892161316853658,0.6526256643789534,0.10611317246660906,1.5313068865164234,-0.2660562678327201,-0.1600078230347286,0.02533783783783784,146.4615637490706,0.21270553877206289,0.7500976741517549,-0.32865981749635365,0.21614413037428903,0.7388487067289643,-0.2581802645535422,1.0152249944005345
0.0,0.35,0.65,0.2192276309321204,-0.30860594436853744,0.7726315089664223,0.7156479683332426,0.7103804542090044,0.10045085363519655,1.6647706304162875,-0.24212464815225188,-0.11552671679347382,0.013513513513513514,161.84426726134762,0.21504491517915114,0.7705832495971238,-0.30860594436853744,0.22480139423715562,0.7763102287695361,-0.2548837345305177,0.9926228214440898
0.0,0.4,0.6,0.22346529155437866,-0.2882610296488142,0.7937355441276642,0.738432752191321,0.7752185296313705,0.09700635952462057,1.767567532630272,-0.24001559356991375,-0.06952061222182959,0.005067567567567568,176.91558688915086,0.21692252050906324,0.7858226761420974,-0.2882610296488142,0.23291486376816795,0.8073186547716406,-0.2516344819576795,0.9733736133774544
0.0,0.45,0.55,0.22719905171824872,-0.26791964024137016,0.8082829543119984,0.7560653550143248,0.8480119319119865,0.09535926675024325,1.8372525050671262,-0.24301107526787358,-0.02199299282146705,0.0008445945945945946,191.30483056717603,0.21833593162351095,0.7949501781873577,-0.26791964024137016,0.24047217958529843,0.8309450220050373,-0.24843245174078296,0.9566820392872377
0.0,0.5,0.5,0.23042363095272833,-0.2530501373853278,0.8158554540030359,0.7548675513932654,0.9105848877760326,0.09573424941606982,1.863738756411855,-0.24654940096660904,0.027048328802978805,0.0,204.63105995040766,0.21928314688024475,0.7974950004734684,-0.2530501373853278,0.24746152832332724,0.8468522098579567,-0.24527758863181356,0.9417168558929934
0.0,0.55,0.45,0.23313423936632494,-0.25790201994589074,0.8165620197842693,0.7509871116108486,0.9039643792446364,0.099097497733695,1.8278386791671322,-0.2506262872825207,0.07759099496539434,0.0,216.51920990790612,0.21976258929081527,0.7934651543474173,-0.25790201994589074,0.25387166584735565,0.855301159493945,-0.24979494440808583,0.9277026524983151
0.0,0.6,0.4,0.23532658611470647,-0.26571081059800217,0.8109901149041391,0.7490495220753115,0.8856492725496802,0.10396183466139743,1.763402759404922,-0.2552364843432239,0.12961789357509934,0.0,226.61717186872593,0.219773109099203,0.7833381719306048,-0.26571081059800217,0.25969193973092675,0.8570392250159113,-0.2636902430670605,0.9140050409198737
0.0,0.65,0.35,0.2369968871625161,-0.2791670053103761,0.8000731032847725,0.7332006867083599,0.8489430436058318,0.10982987656794518,1.6843949291709308,-0.2635171726837382,0.18310695684474565,0.0,234.61278770253932,0.21931398577446348,0.7679634708649301,-0.2750339442455819,0.26491231094504863,0.8531202889611469,-0.2791670053103761,0.9001819330777925
0.0,0.7,0.3,0.23814187232052042,-0.29743372256991246,0.7849216582762851,0.7190984930326733,0.8006552527497773,0.11629847337485377,1.6005530160361356,-0.2784252038316569,0.1777256048585545,0.0,240.24963320881952,0.21838492941125764,0.7484115080785236,-0.286186372513882,0.2695233747051151,0.8447174827426926,-0.29743372256991246,0.8859903143575584
0.0,0.75,0.25,0.2387587915401681,-0.3153990592485067,0.766667349595449,0.7006987122500443,0.757005401693501,0.12392684034041002,1.5070084174434477,-0.2933254591806259,0.15283224089659342,0.0,243.34049528223565,0.21698608153285126,0.7258162377930122,-0.30602849648553065,0.27351638042353055,0.8329729421028779,-0.3153990592485067,0.8713563203633677
0.0,0.8,0.2,0.2388454204485566,-0.3330655457204744,0.7463484287153462,0.6843827830905127,0.7171123627690024,0.1323525129178438,1.4117255224654375,-0.30820983786476075,0.1280989853514123,0.0,243.77756772108611,0.21511801529189079,0.7012476927232092,-0.32579871917670683,0.27688325071670183,0.8189023573955391,-0.3330655457204744,0.8563263817599425
0.0,0.85,0.15,0.23840006510776024,-0.3504357144151713,0.7248456860037022,0.7621655975164046,0.6802961436325545,0.1414124838861926,1.318130196042474,-0.3230703035105461,0.10353820673912839,0.0,241.53860070695782,0.212781735064959,0.6756314155640034,-0.34547540833334706,0.27961659941610795,0.8033507353606113,-0.3504357144151713,0.8410167387980585
0.0,0.9,0.1,0.23742156598339448,-0.3675120996376191,0.7028607638729443,0.6442313566103078,0.6460238076991238,0.15095857797402196,1.2282943339284977,-0.3378988913628801,0.07916181077294393,0.0,236.6885216689216,0.20997867543759585,0.6497132980472915,-0.3650376712267675,0.2817097485341671,0.7869854597797239,-0.3675120996376191,0.8255721754111509
0.0,0.95,0.05,0.23590930110826358,-0.38446537356664956,0.6809231154959478,0.6242924429644452,0.6136035058755874,0.16097953397731965,1.1424390204420303,-0.35268771534392584,0.054981238162295165,0.0,229.3763757227503,0.20671069957714616,0.6240583425505865,-0.38446537356664956,0.28315674413684144,0.7703113890808166,-0.38429723738949506,0.8101377590888947
0.0,1.0,0.0,0.2338631884278506,-0.4037391563315869,0.6594123081643872,0.5472464988100176,0.5792432682347538,0.1713593812559174,1.061296948523911,-0.36742897503655925,0.031007463115945155,0.0,219.82778162058622,0.20298009699140462,0.5990696506532392,-0.4037391563315869,0.2839523710761136,0.753695925849302,-0.40079366519049675,0.7948426283161579
0.05,0.0,0.95,0.1835311580855976,-0.45537421428788744,0.5716420454934998,0.5224666009760143,0.4030337079419461,0.24365031266522624,0.5398357861593245,-0.3685999876997198,-0.3943218749786471,0.20608108108108109,75.49674677034719,0.18990999846217083,0.5954325915546307,-0.4163471853262033,0.17217493563168573,0.5308272247255236,-0.45537421428788744,1.121706958158585
0.05,0.05,0.9,0.1907225471332683,-0.41102608822715403,0.6088857933976817,0.5590829451129984,0.46401567344763106,0.2041003333290405,0.679678199788271,-0.3464091871752557,-0.35232027054496295,0.14273648648648649,88.19451827072794,0.19456845073204265,0.6257873380553992,-0.3975001290586592,0.18346691814960137,0.5797981915317707,-0.41102608822715403,1.0793192307173805
0.05,0.1,0.85,0.19745203925709465,-0.37832178500835906,0.6465912761162848,0.589932296847283,0.521915594294238,0.16796194645055298,0.8659821008916141,-0.32375568499769247,-0.3081001799747456,0.10810810810810811,101.91786799399245,0.1987849416997285,0.6563116417224462,-0.37832178500835906,0.1942828298571615,0.6297450557613222,-0.36377458798907814,1.0421862557205894
0.05,0.15,0.8,0.20371156187368555,-0.35881720952438784,0.683836449542792,0.6237920217439858,0.5677307455339313,0.1406775495156058,1.078434777944833,-0.30064313554914424,-0.26159924350828523,0.0633445945945946,116.5082341115724,0.20255495281873404,0.6862387619884537,-0.35881720952438784,0.2046078284558337,0.6794409268364228,-0.3148184372444588,1.0100050422097513
0.05,0.2,0.75,0.2094934673372375,-0.3389919774125344,0.7194519485001419,0.6563083751872342,0.6179894549017472,0.1185123081588688,1.328920765985871,-0.27707586960051966,-0.21275762365266238,0.02956081081081081,131.75327523451452,0.2058743612248235,0.7145927966947965,-0.3389919774125344,0.2144274922822227,0.7273437174172686,-0.2632427434625273,0.9824691952138537
0.05,0.25,0.7,0.2147905452788963,-0.3188521904999637,0.7520781163911301,0.6907290849805,0.6736367247222055,0.10303868424671739,1.5798973605787527,-0.2530589111231314,-0.16151841464849115,0.02533783783783784,147.38879931234345,0.2087394457342442,0.7402228994364579,-0.3188521904999637,0.22372784653918654,0.7717044545071045,-0.2485371580246571,0.9592051660622406
0.05,0.3,0.65,0.21959603437300257,-0.29840448564541694,0.7802873981608823,0.7210760983257591,0.7359005810453548,0.0970016487112899,1.727764801934715,-0.2285979934836605,-0.10782806721001792,0.01266891891891892,163.1038989803557,0.2111468923097255,0.7618893602485576,-0.29840448564541694,0.23249538906903977,0.8107631960194549,-0.24520875781192714,0.939718729203731
0.05,0.35,0.6,0.22390363350639975,-0.27765604216415046,0.8027651550651084,0.743637124465117,0.8064064868216617,0.09329116214032224,1.8426572202823883,-0.2275256384739751,-0.05866368532418642,0.0059121621621621625,178.5493750086623,0.21309379898373293,0.7784034434667448,-0.27765604216415046,0.24071711561304499,0.8430026024681283,-0.24192791353382676,0.9233701547157136
0.05,0.4,0.55,0.22770751232769748,-0.25671356312472554,0.8185134027249464,0.7630442893425917,0.887010057263958,0.09143366720516062,1.9216938103712016,-0.23045293129243893,-0.010519314719908301,0.0008445945945945946,193.3492831243839,0.21457768022913837,0.7888014386181641,-0.25671356312472554,0.24838054450151437,0.8673919119067246,-0.23869456999773894,0.9093945052867731
0.05,0.45,0.5,0.2310023211541492,-0.24004836996943985,0.827019448919419,0.7699899873980912,0.9623157248831047,0.09148889979908716,1.9565468766948189,-0.2339333924449145,0.039164957550628765,0.0,207.11517738996466,0.21559647076817945,0.7925103757591431,-0.24004836996943985,0.2554737407191199,0.8835418854492432,-0.23550867185727598,0.8969697858253608
0.05,0.5,0.45,0.23378320021458454,-0.24486919654490447,0.8283330749076434,0.7643960576990122,0.9547268644372467,0.09460149443465704,1.9215679551462634,-0.23796286707168424,0.09037731224565193,0.0,219.46236960064755,0.21614852881127988,0.7894531648348152,-0.24486919654490447,0.26198533929034573,0.8917201247724504,-0.24035986659142766,0.8853149580270696
0.05,0.55,0.4,0.23604578820767852,-0.25329690857802734,0.8230272411153475,0.7567380365593268,0.9318936797642177,0.09906184412569677,1.8578877652847654,-0.24253621532959435,0.14310114942750207,0.0,230.0273046927694,0.2162326387180371,0.7800560276064306,-0.25329690857802734,0.267904567930517,0.8927324349375979,-0.25047343660089305,0.8737847949491793
0.05,0.6,0.35,0.23778623015568345,-0.2688435400175868,0.8120620408999325,0.7415276614686015,0.8844781248607584,0.10434265822564447,1.7805395541477826,-0.24764731953888486,0.19731488427036048,0.0,238.4849917280066,0.21584801307338397,0.7651567274309352,-0.26321402842407493,0.2732212689084008,0.8877246325103384,-0.2688435400175868,0.8619302646443397
0.05,0.65,0.3,0.23900118453464447,-0.2873455931515486,0.7966031986054132,0.7279218071976401,0.831755176452604,0.11068773033962484,1.6894481796750724,-0.26007949336519964,0.18562182879042055,0.0,244.56534930393846,0.21499429417267413,0.7458481935573038,-0.2830501486672389,0.27792592006707006,0.877974014999812,-0.2873455931515486,0.8495105559103177
0.05,0.7,0.25,0.23968782966301738,-0.3055430568782669,0.7778497735229697,0.7125882375530932,0.7844649854325204,0.11819440665179635,1.5879586435587463,-0.2752593044402224,0.16068511281782571,0.0,248.06733697705891,0.21367155491013712,0.7233084545279659,-0.30284560969240343,0.282009654950518,0.8647218285564466,-0.3055430568782669,0.8364637397155175
0.05,0.75,0.2,0.23984386933153012,-0.32343848415862786,0.7569065763574452,0.6937427567427379,0.7415440062905457,0.1266881900263649,1.4827259691091823,-0.2904259340005544,0.13590429692010897,0.0,248.86985514200325,0.21188029906587613,0.6986596104668097,-0.32257776038624,0.28546428198437734,0.8490674587123676,-0.32343848415862786,0.8228552434765841
0.05,0.8,0.15,0.23946753765807172,-0.34222466238404536,0.7347116797889514,0.673675488346344,0.6997378154743875,0.13580789869819815,1.3803875875782103,-0.30557118346393064,0.11129190207953732,0.0,246.93859925582476,0.20962146098726175,0.6728767746492254,-0.34222466238404536,0.2882823026601149,0.8319203210513683,-0.3410344300073851,0.8088235827667413
0.05,0.85,0.1,0.238557603152324,-0.36176511194560856,0.7120112684945131,0.6555734966293515,0.6594267807344318,0.14541726782705997,1.2829123111719505,-0.3206869243779378,0.0868599870888116,0.0,242.32833467702602,0.20689640466127002,0.6467469768256892,-0.36176511194560856,0.29045692867311423,0.8139934925498473,-0.3583334513128222,0.7945358074052216
0.05,0.9,0.05,0.23711337197579807,-0.38117865971654624,0.689366570305535,0.6307785069727043,0.6220531132359859,0.1555238790057797,1.190256912052192,-0.3357651056093016,0.06262014612886757,0.0,235.18039130878958,0.20370692217496345,0.6208659402749412,-0.38117865971654624,0.2919820979662331,0.7958216627821884,-0.37533810665678174,0.7801571247814456
0.05,0.95,0.0,0.2351346903838787,-0.40044562838743447,0.6671779619332553,0.5684448005677397,0.5871825629130952,0.1659781351076613,1.1033663576536081,-0.35079776045960254,0.03858350705603697,0.0,225.71553207950132,0.2000552315619475,0.5956576294977372,-0.40044562838743447,0.2928524896316531,0.777789764825549,-0.39205095613507057,0.765833720673012
0.1,0.0,0.9,0.1905304368724876,-0.41791925337009217,0.6087257286769766,0.5542032691310703,0.4559025106789269,0.2041694352585603,0.6785072246345424,-0.3354192216384303,-0.3607533830908488,0.14358108108108109,87.8300949209694,0.19017986045295387,0.6116805869261145,-0.3892447136660822,0.19035384347245898,0.6032711062695488,-0.41791925337009217,1.0139398034634335
0.1,0.05,0.85,0.1973270639714142,-0.37110427450094596,0.6471155136987913,0.5925830986514188,0.5317294289772758,0.16801355645356714,0.8649722500908869,-0.31228813078089057,-0.3170033536458693,0.09712837837837837,101.645255398638,0.19445818493530664,0.6423266610122154,-0.36971052838076907,0.20128552349681716,0.6548019691740323,-0.37110427450094596,0.980947967860339
0.1,0.1,0.8,0.20365430495005166,-0.34984045160254573,0.6852260979220359,0.6248232082598137,0.58213481036042,0.14108652827220475,1.0749028047345386,-0.2886843620676298,-0.27098797380889417,0.04983108108108108,116.36610079907192,0.19829154693040363,0.6725825318745422,-0.34984045160254573,0.2117248543611323,0.7061625355356994,-0.3212765108618484,0.9524472030568951
0.1,0.15,0.75,0.20950444847925254,-0.32964000477438976,0.7218855020014902,0.6581424429420624,0.6355552889360025,0.11918331615011965,1.321531012619793,-0.26461214410226375,-0.22264706107872978,0.028716216216216218,131.78397552009898,0.20167576760043793,0.7014963569843355,-0.32964000477438976,0.2216572929226468,0.7557524422005802,-0.2683091066097081,0.928209183078174
0.1,0.2,0.7,0.21487021934649286,-0.30911524482801306,0.7557061519549789,0.6907757934140142,0.6951136281422915,0.10155541316619197,1.6037571436981042,-0.2400764106239376,-0.1719232775452949,0.02533783783783784,147.6370667335521,0.20460706818631325,0.7279215738882698,-0.30911524482801306,0.23106874278088885,0.801736782913512,-0.2388008174270605,0.9079308688357821
0.1,0.25,0.65,0.21974479030304672,-0.28827277252494937,0.7852023367099755,0.722750138863821,0.7622807675463984,0.09419425856819205,1.7808387990188137,-0.21508281724657885,-0.11876254974832012,0.016047297297297296,163.61518550332335,0.20708207554785085,0.7505941408603822,-0.28827277252494937,0.23994558021315737,0.8422479547165256,-0.23544034423413943,0.8911795352628773
0.1,0.3,0.6,0.22412179331627047,-0.2671197402098105,0.8089735714747333,0.8459862257245117,0.839031189309457,0.09012231355757974,1.9098687830101113,-0.2150801079218485,-0.06311450270832031,0.0059121621621621625,179.36789466330524,0.20909782716303082,0.7682681847812253,-0.2671197402098105,0.2482746795985038,0.8756548911262427,-0.2321277062608766,0.8773641220608045
0.1,0.35,0.55,0.22799533020376406,-0.2457642914146478,0.8259207141263261,0.7653966898304468,0.9276991742429156,0.08807815319541751,1.9981723482926146,-0.21793518720976568,-0.0049329068046156666,0.0008445945945945946,194.51585036667467,0.21065177557631998,0.7798945800155316,-0.2457642914146478,0.2560434382742729,0.9008295424525693,-0.22886284821628214,0.8657515581607325
0.1,0.4,0.5,0.23135998262694257,-0.23355289945595809,0.8354346170193544,0.7717536055658337,0.9906106204028136,0.0878468915852132,2.0417339690723137,-0.2213537794183309,0.05058326249774736,0.0,208.66495837314682,0.2117417922868583,0.7848011441636658,-0.22706179986965178,0.26323980076952447,0.9173233533239342,-0.23355289945595809,0.8555338107548747
0.1,0.45,0.45,0.2342108214223213,-0.23952555980982038,0.837493971840181,0.7675088463919596,0.9778113935242698,0.09102623361864891,2.001739654369167,-0.22533186460142063,0.10243180514389416,0.0,221.42268542045525,0.21236617106796118,0.7828184318957814,-0.23228360858892041,0.26985228235999004,0.9253943374898561,-0.23952555980982038,0.8459295677334555
0.1,0.5,0.4,0.2365434152496615,-0.24569900637804237,0.8326391296767782,0.7616699890303847,0.9627365561491376,0.09535894162279288,1.9352502461662346,-0.2298644192874919,0.1558181407517114,0.0,232.41563668366942,0.21252363071012792,0.7743062406272978,-0.24097609633077394,0.2758699918897052,0.925886174329811,-0.24569900637804237,0.8362866431046645
0.1,0.55,0.35,0.23835383853695347,-0.2603554633878492,0.8218372296857029,0.748773978136012,0.9154938998990003,0.1004195650426163,1.8557522974518779,-0.23494542324782575,0.21072118447985555,0.0,241.3073379154789,0.21221331718043523,0.7600719971907386,-0.2603554633878492,0.28128265380502526,0.9200163602107313,-0.25846975566396346,0.8261505230370499
0.1,0.6,0.3,0.2396386787031095,-0.28012787825849284,0.8062915645219743,0.7322748294720781,0.8554617276684571,0.1062403521084433,1.7661714685544345,-0.24149916761046475,0.19342017750389506,0.0,247.81506713621602,0.21143480519194058,0.7412130818892675,-0.28012787825849284,0.2860806293474072,0.9091495375979306,-0.27720850892395793,0.8152818114472467
0.1,0.65,0.25,0.24039504264013578,-0.29986866100040316,0.787255410164211,0.716164909544521,0.8016677762796046,0.11321999715191616,1.6639732147965995,-0.25696012499241583,0.16844384495221876,0.0,251.72458075149405,0.21018809917741077,0.7189369947098656,-0.29986866100040316,0.290254936852139,0.8946139220302413,-0.2956394493939951,0.8036282210747474
0.1,0.7,0.2,0.24062056243746,-0.31955486599424404,0.7658914345706499,0.7005201584577792,0.7529866950666123,0.1214016901593738,1.5536897566240022,-0.27241068750890574,0.14361913262116377,0.0,252.90167877099458,0.20847363366240512,0.69440769831234,-0.31955486599424404,0.293797271101057,0.8775849829513466,-0.3137651526723356,0.7912711723678595
0.1,0.75,0.15,0.24031340033203974,-0.33916425411934575,0.7431902114887645,0.6826925712100628,0.7085457780803687,0.13057320284021284,1.4422055692582318,-0.28784249343364754,0.11895871309427619,0.0,251.29974913517395,0.20629227303342912,0.6686437586883466,-0.33916425411934575,0.2967000216783091,0.8590325962748269,-0.3315881964100274,0.7783683198843715
0.1,0.8,0.1,0.23947225286880047,-0.35867531550536924,0.7199405820853431,0.6591479549024908,0.6676574676776598,0.14023815562234834,1.3368134516375865,-0.30324724961371907,0.09447479748038434,0.0,246.96270739529504,0.2036453106975653,0.6424703995830873,-0.35867531550536924,0.29895629027923754,0.8397141970948265,-0.34911116012960713,0.7651060346554256
0.1,0.85,0.05,0.23809635425689213,-0.3780672901515587,0.696735563779889,0.6358118939114912,0.62977242533054,0.15043102818705908,1.237087564312089,-0.31861673878963415,0.07017913276818089,0.0,240.02308135033934,0.2005344676306191,0.6165132916723974,-0.3780672901515587,0.3005599069236582,0.820194647932629,-0.36633662504417036,0.7516670502866266
0.1,0.9,0.0,0.23618547890819275,-0.39732018642454525,0.673997468844295,0.572793116673027,0.5944462098279181,0.16098706944644728,1.1441010730955785,-0.33394282684373267,0.046082999895483256,0.0,230.69535021461866,0.19696189031146472,0.591217819719855,-0.39732018642454525,0.30150544502600973,0.8008777143675577,-0.3832671738768172,0.7382123501672558
0.15,0.0,0.85,0.19698530386025292,-0.37896390881857245,0.6457024781822517,0.6803506962375246,0.5197996412754938,0.1687669029729792,0.8590861200046204,-0.30085046068853294,-0.3264067927428487,0.09121621621621621,100.9033368217974,0.18996867928216243,0.6266969810413491,-0.3611768051389685,0.20804435791235854,0.6774590281145965,-0.37896390881857245,0.9250699378610087
0.15,0.05,0.8,0.20337941920662606,-0.34094077409737666,0.6844037321989528,0.6253433755475925,0.596524190293938,0.14223436832676092,1.0642956480029906,-0.27675284418975277,-0.28091233265095306,0.041385135135135136,115.6860477594022,0.19386471116798165,0.6570284516068927,-0.34094077409737666,0.21859669957723105,0.730148338456025,-0.3314954466956794,0.8998561210126809
0.15,0.1,0.75,0.209297027814753,-0.32036454918897067,0.7218360624875018,0.6592997052691816,0.6533089517694942,0.12054367427075492,1.304896576003199,-0.252172857413826,-0.23310945182358034,0.028716216216216218,131.20524360318961,0.19731311391382333,0.6862440153599392,-0.32036454918897067,0.228640687716138,0.7811050291654954,-0.28498883267848274,0.8785553667387056
0.15,0.15,0.7,0.21473079047094923,-0.2994541384242504,0.756605109303246,0.6899775255429853,0.717074045464452,0.10287176997059191,1.5818799512973218,-0.22711533825903119,-0.18294044737231596,0.02533783783783784,147.2028644076371,0.20031005180202843,0.7132186804778794,-0.2994541384242504,0.23816210595538778,0.828436730089731,-0.2382575812808725,0.8609211235728625
0.15,0.2,0.65,0.2196738147812698,-0.2782161024260944,0.7871909205018155,0.7227052271405322,0.7895798009736843,0.09212443763605957,1.8200796562109869,-0.20158585898953607,-0.13035078805602485,0.016891891891891893,163.37104488588207,0.2028520931599349,0.7366853664118882,-0.2782161024260944,0.2471472105448258,0.8701971965118754,-0.22557789757146132,0.8465729025154757
0.15,0.25,0.6,0.22411966650572324,-0.25665756251591804,0.8121291955881617,0.8514545977968533,0.8732244797650301,0.08762682067437201,1.9642349817224698,-0.20268541596011147,-0.07528954324233772,0.0059121621621621625,179.35989764713298,0.20493621543457707,0.7553629390536613,-0.25665756251591804,0.25558275594345026,0.9046644817909385,-0.22223326327679566,0.8349647347249566
0.15,0.3,0.55,0.22806238027635728,-0.23539551276312046,0.8302342667655694,0.7666265118772662,0.9688476114064989,0.08554056655032394,2.0582325717094583,-0.20546420678408917,-0.01770982482556427,0.0016891891891891893,194.7885837857043,0.20655980971819776,0.7681343982180798,-0.23539551276312046,0.2634560198396574,0.9306237789221901,-0.22695944791118502,0.8253973470436156
0.15,0.35,0.5,0.23149646967661597,-0.23272369637467524,0.8408036596227683,0.7761340659763595,0.994726679245918,0.08512434998671452,2.108638359113817,-0.2091750259313202,0.04243075935712004,0.0,209.25930257405417,0.2077206847152253,0.7742368417810273,-0.21559809167743763,0.2707548275501508,0.9475627113065411,-0.23272369637467524,0.8170824289966787
0.15,0.4,0.45,0.23441693666014474,-0.23869125302821284,0.8437359000057806,0.7734332460125829,0.9820926979357602,0.08819772199740457,2.068272655222465,-0.21486307143776195,0.10516964223801795,0.0,222.37356572038746,0.208417070142066,0.773405560364535,-0.22153673094985013,0.2774675757419116,0.9557121522717161,-0.23869125302821284,0.8092452926607236
0.15,0.45,0.4,0.236819280288048,-0.2448596737840487,0.8395204647889656,0.7614154142457263,0.9671632597898018,0.09225467853165295,2.003359430976021,-0.22070648164252216,0.16774166906357002,0.0,233.7498836189463,0.2086476195517828,0.7659208120047131,-0.2380213244372511,0.2835832554220745,0.9559285459668967,-0.2448596737840487,0.8012322837686621
0.15,0.5,0.35,0.2386995047644398,-0.25772047461492126,0.8291092265279412,0.7533190923792245,0.9261953483559967,0.0970872120951178,1.923008197841004,-0.2267024469719836,0.2232972205339896,0.0,243.04180741491749,0.20841141257642803,0.7525404373409094,-0.25772047461492126,0.2890914741411281,0.9494746997281559,-0.25122648451286644,0.7925860873979783
0.15,0.55,0.3,0.2400541267510079,-0.27742105845606985,0.8137216490183263,0.7384180777510381,0.8653060733275982,0.10271271293143674,1.830874887673726,-0.23284808810333202,0.20111812398526419,0.0,249.9551642522729,0.20770795658051155,0.734345813773268,-0.27742105845606985,0.2939824773555386,0.9377797371774272,-0.26702313920736465,0.7830685444148494
0.15,0.6,0.25,0.2408801819422124,-0.2970991679569358,0.7946479536302328,0.822880934158525,0.8107736672528403,0.10950418828487384,1.7248671936715596,-0.23914045779806337,0.17610594354613607,0.0,254.2633100616445,0.20653718771980745,0.7125561022620819,-0.2970991679569358,0.2982471688966555,0.9222418066023985,-0.2856888992554583,0.7726347874937344
0.15,0.65,0.2,0.24117523088363324,-0.31673156908536826,0.7730966688368596,0.7045428771018724,0.7614499292889544,0.11747208326586067,1.6103845749929822,-0.254167283224203,0.15124103269874833,0.0,255.81931210529598,0.20489947140037157,0.6883638737000448,-0.31673156908536826,0.3018771304936545,0.9041014893114123,-0.3040462069393166,0.7613789843707933
0.15,0.7,0.15,0.24093736401693722,-0.3362957275716205,0.750103793598632,0.777326411684392,0.7164449151844341,0.12626770770096035,1.4963237034792565,-0.26988734677168436,0.12653621471198662,0.0,254.56415932257866,0.20279560213336745,0.6628226560703148,-0.3362957275716205,0.3048646402992383,0.8843832447684795,-0.3220976625963284,0.7494744614297091
0.15,0.75,0.1,0.24016520593584167,-0.3557698325445644,0.7264975932727047,0.6628814280137342,0.6750578153805611,0.1356217100973346,1.3874268787850932,-0.28558290960669785,0.10200385219703834,0.0,250.5303688190819,0.2002268027819416,0.636791357281599,-0.3557698325445644,0.3072026903678673,0.8638867053650634,-0.3398458684334273,0.7371236914827878
0.15,0.8,0.05,0.23885791883839835,-0.3751328180181646,0.7029022769366975,0.6405260723781543,0.63672893270253,0.14571819471361222,1.2823238663204706,-0.30124558731515605,0.07765584423690108,0.0,243.84068861021677,0.19719472319705122,0.6109239590812163,-0.3751328180181646,0.3088850030374668,0.8432071592765191,-0.3572934283452115,0.7245241603562708
0.15,0.85,0.0,0.2370152051618517,-0.3943643822378129,0.6797630972013244,0.744761151215323,0.6010056075980128,0.15636358597742045,1.1832371584811867,-0.31686707726409524,0.05350362423581556,0.0,234.7019597645893,0.19370143823977104,0.5856874730710508,-0.3943643822378129,0.30990604616675443,0.8227688482155567,-0.3744429477324259,0.7118493539726324
0.2,0.0,0.8,0.2028869657845893,-0.34732235992399374,0.6813743457010232,0.6175408696946584,0.5841459957515781,0.14403329891099723,1.047583905426114,-0.26485490494204456,-0.2913484466624915,0.03969594594594594,114.47728243247616,0.1892761679731032,0.6396987090623347,-0.33212307458990326,0.22521884333142883,0.7511144866495919,-0.34732235992399374,0.8516660514907168
0.2,0.05,0.75,0.20887124644919086,-0.3111706454850467,0.7192843343954081,0.6571618889420872,0.6712434141196271,0.12255293906930795,1.2800284321249507,-0.23976450029001306,-0.24411958619568097,0.028716216216216218,130.02489888732094,0.19278810638133237,0.6689483693405853,-0.3111706454850467,0.23537310981133763,0.8030669306955758,-0.3017584431693585,0.8329920505644234
0.2,0.1,0.7,0.21437227957493477,-0.2898740453373619,0.7547229629674436,0.6903049079795179,0.7395359571618201,0.1052691750451736,1.542448485088411,-0.21418235446853418,-0.19454332968674515,0.02533783783783784,146.09203531245524,0.19585008605591026,0.696207818369255,-0.2898740453373619,0.24500332431526184,0.8514164124543491,-0.25898464449608566,0.8177054237917737
0.2,0.15,0.65,0.21938310842184094,-0.268239790553974,0.7861615043558802,0.7195650288133371,0.8178619136585467,0.09113302810000906,1.8366898577994724,-0.1955759195679999,-0.1425647546916251,0.017736486486486486,162.37472586316142,0.19845861737734127,0.720228020284941,-0.268239790553974,0.25409562465293556,0.8941719020997444,-0.21721834093293121,0.8054693047205592
0.2,0.2,0.6,0.22389723327622946,-0.24701691448785512,0.8120975429199512,0.7441962032437383,0.9064044611699561,0.0862236605360935,1.9936202221926398,-0.20067700852935955,-0.08813244061702918,0.006756756756756757,178.52541609673588,0.20061061830073013,0.7397162872643903,-0.24701691448785512,0.262636646854836,0.9295495126238043,-0.22156085248668123,0.7957793288239388
0.2,0.25,0.55,0.22790862225173503,-0.2266874572702729,0.8312787967153566,0.7680995304393641,1.0053869984522619,0.08379515109254272,2.0992697066380717,-0.20594114906596894,-0.0311989053959979,0.0016891891891891893,194.16370050948265,0.20230341895798531,0.7535092599749179,-0.2257255741962242,0.27061355035332646,0.956264051872953,-0.2266874572702729,0.7879719607770296
0.2,0.3,0.5,0.2314117214535265,-0.2319703723229069,0.8429181153330499,0.7756542943715978,0.9975917145634325,0.08323918147008243,2.155375849268894,-0.2113657933391223,0.028278946207181965,0.0,208.8900682167736,0.20353476570313944,0.7607671231844074,-0.2042578217612545,0.27801404254438244,0.9737386426066275,-0.2319703723229069,0.7812847204542374
0.2,0.35,0.45,0.23440146448377908,-0.23785694624660572,0.8468288845978805,0.7775761858799521,0.9854724370368227,0.08598872185479142,2.121225441538708,-0.2169483186562462,0.0903393642515995,0.0,222.302051243452,0.20430282459203353,0.7611321229809365,-0.2161269003888933,0.28482640267401416,0.9821601496826481,-0.23785694624660572,0.7749572442201719
0.2,0.4,0.4,0.2368732812672638,-0.24402034119005522,0.8434330121318055,0.7707891182622476,0.9707112124836146,0.08975497498737307,2.059755253603181,-0.2226860291541336,0.15501528699074751,0.0,234.01192448044714,0.204606184288308,0.7547952845190644,-0.2357007573801397,0.29103950499396913,0.982370287304898,-0.24402034119005522,0.7683409140862979
0.2,0.45,0.35,0.23882310617676317,-0.2553104241084276,0.8336437706993571,0.7549996498947072,0.93542246467515,0.09435783983921542,1.9799425940134643,-0.22857615752584926,0.22233386788443887,0.0,243.66491251299658,0.2044438583883601,0.7424465774587484,-0.2553104241084276,0.29664284113183914,0.975646430628701,-0.2509359383023085,0.7609791356283854
0.2,0.5,0.3,0.24024738543888113,-0.2749310816722775,0.8186726142197792,0.739025620647904,0.8738458524862609,0.09977650718876264,1.886690471963951,-0.23461586679010416,0.2087131535563551,0.0,250.9567398059027,0.20381528715862274,0.725129695689017,-0.2749310816722775,0.30162654162137637,0.9634543670481877,-0.26177627570686196,0.7526352264203804
0.2,0.55,0.25,0.2411430838017179,-0.2945385481398974,0.7998260186619385,0.723931651403909,0.8187148518406556,0.10640084421896821,1.77764645750808,-0.24080225210183648,0.18366892616561548,0.0,255.6493345893516,0.20272033867922734,0.7040551474994131,-0.2945385481398974,0.30598139653959544,0.9472407226220415,-0.27569207357823444,0.7432695097298283
0.2,0.6,0.2,0.24150769044677833,-0.3141093074164713,0.7783432238648991,0.8054063288613633,0.7688651203403154,0.11430762459512428,1.65787445166507,-0.24713234260275796,0.15876754773155355,0.0,257.5835720037515,0.20115930938880489,0.6804280642154433,-0.3141093074164713,0.30969887519809625,0.9282969006402823,-0.2942823071978764,0.732985388345179
0.2,0.65,0.15,0.24133922412841025,-0.33362053594319496,0.7552961623330334,0.6866239483742523,0.72339439011483,0.1230070479791785,1.5392550852895832,-0.25360310331057057,0.13402199124128789,0.0,256.6881171125097,0.1991329240258659,0.6553260344129284,-0.33362053594319496,0.31277114483702806,0.9076939386010847,-0.3125634820060567,0.7219680627402895
0.2,0.7,0.1,0.24063623752499663,-0.3530501272264881,0.7315477064689923,0.6654752575113297,0.6815922696740004,0.1323297107462794,1.425501774780388,-0.2676971265399751,0.10944476994401398,0.0,252.9836910289298,0.19664233496287076,0.6296353937903606,-0.3530501272264881,0.31519108827115394,0.8862703799527586,-0.33053822294340196,0.7104326264676953
0.2,0.75,0.05,0.2393978207870553,-0.37237671420075863,0.7077517841533842,0.6406008049098372,0.6428914904114796,0.14228173083292292,1.3170898307886825,-0.28365480162088796,0.08504793425368784,0.0,246.58241156031914,0.19368912092973423,0.6040357147645741,-0.37237671420075863,0.31695232043863997,0.8646517906450301,-0.3482091566354096,0.6985884043725434
0.2,0.8,0.0,0.23762360426831886,-0.39157968943289245,0.6843772330038433,0.5766580215154542,0.6068333232820594,0.15266172019832902,1.2159145333038808,-0.2995735911213777,0.03716590481125537,0.0,237.68222375174352,0.19027528512414205,0.5790152833111653,-0.39157968943289245,0.31804920380438473,0.8432845935394462,-0.36557891120998043,0.6866190699404504
0.25,0.0,0.75,0.20822722981813957,-0.318725422678642,0.7142883621502972,0.6448856391654724,0.6533122713216595,0.1252787908357073,1.2470365396726935,-0.22739364526133343,-0.255651214489347,0.028716216216216218,128.25893589208607,0.1881024942944578,0.6497763325344705,-0.30206334036828203,0.24185009695006987,0.8214342389783902,-0.318725422678642,0.791026599210901
0.25,0.05,0.7,0.21379479210467323,-0.28038015306060465,0.7500987480113347,0.6844372620973292,0.7625175668495378,0.10853322261148618,1.4907397772923987,-0.2012842052630387,-0.20670421410481588,0.026182432432432432,144.3196380194638,0.19122890368610013,0.6770489731384789,-0.28038015306060465,0.2515878910976568,0.8704364598792084,-0.27954296694680586,0.7778269917972346
0.25,0.1,0.65,0.21887275652820204,-0.25922361153239176,0.7821251201939119,0.7147552317442935,0.8443395847868295,0.09386812943161771,1.7777360381914047,-0.19832896735368866,-0.155375225920524,0.015202702702702704,160.63973719090166,0.19390336386924067,0.7013647336135347,-0.25922361153239176,0.2607862724592085,0.9138944578153707,-0.23875916599163965,0.7674460957889163
0.25,0.15,0.6,0.22345455865637498,-0.23783567494102986,0.808854361206084,0.8396947014305733,0.9395333930108651,0.08561220894443404,2.0026881769591562,-0.20332532716361507,-0.10161240525794646,0.008445945945945946,176.87576399125845,0.19612273386149282,0.7214431963405651,-0.23783567494102986,0.2694317601771059,0.9499950977430803,-0.22391112499305144,0.7594178096860816
0.25,0.2,0.55,0.22753410077308756,-0.22893687597051787,0.8289913163421065,0.7632198331795635,0.9938726551086031,0.08275783222773196,2.121057258847175,-0.20848438644750733,-0.045367740977241056,0.004222972972972973,192.6496701739746,0.19788428334198227,0.7360985630140084,-0.2161724529943861,0.27751139686905457,0.9774039468457658,-0.22893687597051787,0.7531160124629256
0.25,0.25,0.5,0.23110576212662104,-0.23411868113762954,0.8416779499026581,0.7754592273150989,0.987130804785128,0.08227532112958856,2.1769074817042493,-0.21380363926655266,0.013402501614619089,0.0,207.5622562215995,0.1991856967745549,0.7444323672554909,-0.19599154465719726,0.2850127733498815,0.9954833971321918,-0.23411868113762954,0.7478099277196048
0.25,0.3,0.45,0.2341644085209107,-0.23945402654644693,0.8466424776149627,0.7820464567651351,0.9779096718404515,0.08472089765961233,2.150170897064882,-0.2192805049902118,0.07473732765996721,0.0,221.20910644384247,0.2000250769669365,0.7460013593150567,-0.21414827928459007,0.2919240526798108,1.004362171927949,-0.23945402654644693,0.7427613067933959
0.25,0.35,0.4,0.23670540122867334,-0.24516809622277835,0.8442258278997502,0.7739324029733935,0.9654820707731272,0.08815264890349257,2.095290425485506,-0.22491232995678656,0.13867055116753724,0.0,233.1982072037334,0.2004009480576734,0.7409022198987948,-0.23361455258710856,0.29823399348350343,1.0048400748739734,-0.24516809622277835,0.7373334706935513
0.25,0.4,0.35,0.23872460520596217,-0.2531265630121825,0.8352802770066807,0.7588691341837666,0.9431037278947006,0.09242005735117927,2.0203904926875658,-0.23069638917754887,0.20523032683331266,0.0,243.16822086837195,0.2003122579233927,0.7297413669574635,-0.2531265630121825,0.3039319724847307,0.9981764499317979,-0.2513277061402736,0.731074517944522
0.25,0.45,0.3,0.2402183965885789,-0.27265923440402556,0.8209839477955475,0.739805916075595,0.8810205790889301,0.09758386680258209,1.9287860048562722,-0.23662988808321728,0.21620276487920598,0.0,250.80625773410924,0.1997583799996112,0.7135034632798329,-0.27265923440402556,0.30900800620219293,0.9858428013644202,-0.26161835600258476,0.7237497319981788
0.25,0.5,0.25,0.24118366945165937,-0.2921881180118409,0.8026365228452325,0.7259006436046106,0.8254396896518749,0.10398001016827813,1.8194234559651437,-0.24270996431158354,0.1911303226821568,0.0,255.86394898055778,0.19873911450903625,0.6933686696622803,-0.2921881180118409,0.313452771752756,0.9693093710951901,-0.2725680251301644,0.7153223628477524
0.25,0.55,0.2,0.24161784181465662,-0.31168942228584745,0.7814901413771405,0.708707086816889,0.7751878136983139,0.11179685512265305,1.6960928069633592,-0.24893368953500905,0.16619623959965724,0.0,258.1706857465679,0.1972546890919693,0.6705364383388261,-0.31168942228584745,0.31725762670927393,0.9499011204535848,-0.284474118201188,0.7059013026731036
0.25,0.6,0.15,0.2415188608748473,-0.33114004049208184,0.758640833976084,0.7814486631645148,0.7293556542299887,0.12040739401452882,1.5739802561625014,-0.25529807132654314,0.1414136373186281,0.0,257.64305257633504,0.19530575883412138,0.6460952903766839,-0.33114004049208184,0.32041462796107156,0.9287254418254572,-0.30298631250010966,0.6956795423917219
0.25,0.65,0.1,0.2408852074534369,-0.35051757614280027,0.7349795113820481,0.6668715543201413,0.6872271858781217,0.12968752255435104,1.4564639969452464,-0.26180005506333814,0.11679517881123513,0.0,254.28973683720997,0.1928934056878009,0.6209509127734034,-0.35051757614280027,0.3229165495262798,0.9066550679520148,-0.3211888747072051,0.6848810917431144
0.25,0.7,0.05,0.23971589963923678,-0.36980036624432483,0.7111872057614946,0.6402229898600814,0.6482305630840235,0.1395698026278939,1.3449607014183782,-0.26843652586606126,0.08385105911593493,0.0,248.21151828025572,0.19001913728308106,0.5958044702350495,-0.36980036624432483,0.32475689926630236,0.8843449091113347,-0.3390844542274164,0.6737240912414645
0.25,0.75,0.0,0.23801049561582288,-0.3889675023690598,0.687756342685096,0.5766974096664098,0.6119032931188014,0.14988136953815553,1.2410514808411188,-0.28206562438070715,0.016651083864834604,0.0,239.5963056963888,0.18668488512616244,0.5711643860101667,-0.3889675023690598,0.3259299344539255,0.8622649592305697,-0.3566757019644605,0.6624000893180646
0.3,0.0,0.7,0.21299851809732573,-0.29991675051943634,0.7428594657080978,0.6719668554042231,0.7101921374128858,0.1124739473518983,1.4314294277732438,-0.19659931224131633,-0.21939437621836966,0.024493243243243243,141.9096110309953,0.1864482801276186,0.6559610794114904,-0.2719839245615929,0.25791140804862067,0.8854173229607811,-0.29991675051943634,0.7408496111392951
0.3,0.05,0.65,0.2181429291737289,-0.26028200349221303,0.7751948964888628,0.7070152824079801,0.8381022362164781,0.09748298850664808,1.7043274084934155,-0.20132630988635614,-0.16875188930560614,0.015202702702702704,158.18954657823417,0.1891880911856776,0.6803098300349861,-0.2505265287672245,0.267214712774017,0.9292639409398614,-0.26028200349221303,0.7320953714688616
0.3,0.1,0.6,0.22279179259576143,-0.22877606514168092,0.802488455787812,0.8346618433685793,0.973842226273918,0.08578182155433098,1.9910021669053546,-0.2062179969469431,-0.11569747982883805,0.009290540540540541,174.43328514119412,0.19147430326745885,0.7007416036482077,-0.22877606514168092,0.27596361297842487,0.9658727603454432,-0.2270026815673163,0.7255009483832926
0.3,0.15,0.55,0.2269389455276365,-0.2323756208009052,0.8234277323996905,0.755746511938498,0.9766039343777515,0.08285392265065732,2.1114141603801135,-0.2112719854639088,-0.06018267265771604,0.004222972972972973,190.26702650113447,0.1933041261224684,0.7160726269036536,-0.20674145890331658,0.2841450359542579,0.9938842192964848,-0.2323756208009052,0.7204789179674483
0.3,0.2,0.5,0.2305787010036897,-0.23792259143517006,0.8371016423432747,0.7710244792626324,0.9691332782348185,0.08218646692814775,2.1728480086607656,-0.21648581137402967,-0.0021631576426831556,0.0008445945945945946,205.29389929778674,0.19467518280041785,0.7253670553490248,-0.19456617808977736,0.2917464573223132,1.0126081224448507,-0.23792259143517006,0.716335410778349
0.3,0.25,0.45,0.23370585760455387,-0.24364028617691635,0.843158338766832,0.7756872864219563,0.9592250168137271,0.08429268268916457,2.155653988076373,-0.22185693610333035,0.05840076281075035,0.0,219.10959869728578,0.19558551328943796,0.7281085432096582,-0.21241333955190358,0.2987559252392147,1.0221053170393586,-0.24364028617691635,0.712361564969357
0.3,0.3,0.4,0.2363157084570091,-0.24952530453180616,0.8418490205948408,0.7649312406581865,0.9470610962700448,0.08738154403765039,2.1093208009415854,-0.22738274820496818,0.12154371750662052,0.0,231.31982858313367,0.1960335775835873,0.7242995538640724,-0.23176380312158745,0.30516208387726573,1.0231095718792556,-0.24952530453180616,0.7079393779237871
0.3,0.35,0.35,0.23840404953693728,-0.2555741556546087,0.8339455051908774,0.759754454436026,0.9328175179775389,0.0913316969597496,2.040956817205385,-0.23306056504056094,0.1872948034024846,0.0,241.55854402035706,0.19601825817208263,0.7144513535488582,-0.2511700304866185,0.31095419612128494,1.0168306462334389,-0.2555741556546087,0.7026257088093685
0.3,0.4,0.3,0.23996718725566968,-0.2706066961180953,0.8205680818817479,0.740758833134686,0.88677475723271,0.09606510081695527,1.9566646540435828,-0.23888763450375128,0.22358447096228806,0.0,249.5058485765124,0.19553886194335446,0.6994702771861079,-0.2706066961180953,0.3161221654276647,1.0047140313775438,-0.26178326126577384,0.6961884231148617
0.3,0.45,0.25,0.2410019453109029,-0.29004909181639715,0.8029857068300716,0.7281845088637123,0.8309005341187505,0.1022620655608071,1.848211692912838,-0.24486113678482435,0.19848767626038555,0.0,254.90434909847727,0.19459512149774372,0.680484514661835,-0.29004909181639715,0.3206565567916526,0.9882268091212626,-0.2724056307078098,0.688591433040484
0.3,0.5,0.2,0.2415056707842438,-0.30947315744246745,0.7824437947001743,0.8061144281793853,0.7803767951317098,0.10991759483875531,1.7240703916624176,-0.25097818617511336,0.17352468245349595,0.0,257.57281906338847,0.19318719586331912,0.6586683542931991,-0.30947315744246745,0.3245486167696996,0.9687079506433982,-0.2834586906995986,0.6799452341190383
0.3,0.55,0.15,0.24147623946837005,-0.32885550945561093,0.76004861541165,0.6883280870705567,0.7342928201753743,0.11838440697183096,1.6005168612573706,-0.2572358329099569,0.1487087588585445,0.0,257.41617193117867,0.1913156706099901,0.635106343209786,-0.32885550945561093,0.32779029250469405,0.9472888705985906,-0.29461534906206627,0.6704463262705316
0.3,0.6,0.1,0.24091206040770063,-0.34817346725297066,0.7367107658159745,0.666393666498047,0.6919311293547316,0.1275505930571957,1.481075515838562,-0.26363106504890776,0.1240527172047885,0.0,254.43098850440532,0.1889815573577267,0.6107137097014679,-0.34817346725297066,0.33037424970292606,0.924870102352122,-0.3117984790558516,0.6603237667087581
0.3,0.65,0.05,0.23981207963740014,-0.36740507731098937,0.7131344093449467,0.6418501584639825,0.6527184691963623,0.1373761037065673,1.3671379124171632,-0.27016081039188555,0.06191622181844192,0.0,248.70615738277047,0.1861862926753537,0.5862078140123189,-0.36740507731098937,0.3322938895127805,0.90213379894238,-0.32991996962611986,0.6498014093913362
0.3,0.7,0.0,0.23817578310644572,-0.38652913513406834,0.6898346374485709,0.5784136530426299,0.6161910227642582,0.14765856596887306,1.2608532521282392,-0.2768219384299515,-0.003911784933272933,0.0008445945945945946,240.41854705422597,0.1829317363669778,0.5621150861974491,-0.38652913513406834,0.33354336425634923,0.8795741856390915,-0.3477339617531298,0.6390763796563911
0.35,0.0,0.65,0.2171938812289811,-0.28376907279907904,0.7655760484988138,0.6945014036714158,0.7653895439929209,0.10193850914776051,1.620524790975033,-0.20456486425691334,-0.18266345408977647,0.014358108108108109,155.05705847903081,0.18431460017187984,0.6573375267480593,-0.24195548165080108,0.2733766167849254,0.9403517469249401,-0.28376907279907904,0.6990336636238831
0.35,0.05,0.6,0.22190917000549049,-0.24394719287548827,0.7931936623066032,0.7272310585312524,0.9096606826656698,0.0886362720497596,1.9169259500230902,-0.20935199057734977,-0.1303546557245423,0.01097972972972973,171.23085541456288,0.1866671101438344,0.6778818519120936,-0.22031365248382503,0.28222783506984483,0.9772387953069799,-0.24394719287548827,0.6936706311369379
0.35,0.1,0.55,0.226123371300319,-0.23740445706754726,0.8147578968547944,0.7494241483557269,0.952481575508001,0.08403424212820783,2.0720526167733584,-0.21430097498743228,-0.0756089129870674,0.005067567567567568,187.04790936427113,0.18856471319150558,0.693684547191832,-0.20610982249715756,0.29051005723870715,1.0057347551807247,-0.23740445706754726,0.6897291195501948
0.35,0.15,0.5,0.22983073259821185,-0.24284242972253797,0.8293248855042349,0.7625350701282889,0.9464191774922003,0.08283149452555098,2.146897549257143,-0.2194093952568179,-0.01838140448759784,0.0016891891891891893,202.1156593667617,0.1900049714423211,0.7037948743884855,-0.1933157275879633,0.29821064515247864,1.0251085852457014,-0.24284242972253797,0.6865564141381156
0.35,0.2,0.45,0.23302598585301548,-0.24845016236785492,0.8364724496696688,0.7667683045789542,0.9379184285176582,0.0845763369721656,2.1403857430310778,-0.22467475484397614,0.041368196771985,0.0,216.03196600087497,0.1909858625093559,0.7076395366773053,-0.2109229987019023,0.3053175333929754,1.0353488435781621,-0.24845016236785492,0.6834793326582618
0.35,0.25,0.4,0.23570435657341404,-0.2542243102461695,0.8363587296118815,0.761691095870724,0.9271511302171603,0.08729092234805196,2.104506993762035,-0.23009448451139836,0.10367527280034916,0.0,228.40228582728946,0.19150578263902496,0.7051321471084075,-0.23014948388683906,0.3118192529009238,1.0371044400846752,-0.2542243102461695,0.6799046651953746
0.35,0.3,0.35,0.23786157221352666,-0.2601614387692428,0.8296602412544762,0.7569238606840595,0.9142845048012838,0.09089854199320951,2.0447145590895315,-0.23566594398410434,0.16856980298684077,0.0,238.85778432281182,0.19156354928193609,0.6966823440814602,-0.24944185263241486,0.31770495383250497,1.0315078093982948,-0.2601614387692428,0.6754019094512267
0.35,0.35,0.3,0.23949386984850718,-0.26877453818168684,0.8174177330352869,0.7389800499973498,0.891058622846981,0.09533995071342982,1.9665824079568812,-0.24138642365028284,0.2308558001678318,0.0,247.07326061031068,0.19115840307989362,0.683102499288751,-0.26877453818168684,0.3229644275793422,1.0199484329288364,-0.2662580263928175,0.6697421920902272
0.35,0.4,0.25,0.24059800311618185,-0.28812258051764467,0.8008463239669074,0.7251409613988457,0.835054311550037,0.10147225366927906,1.8586164818105375,-0.24725314630286144,0.2057385443470947,0.0,252.78369295989532,0.19029000926273976,0.6654488868842622,-0.28812258051764467,0.32758812789765335,1.0038633540200108,-0.2725104675545681,0.662887916188439
0.35,0.45,0.2,0.24117124840663684,-0.3074616580359498,0.781164423687278,0.7064686492117724,0.7843945484039444,0.10858689770383287,1.7421185465910916,-0.2532632689207851,0.1807504636845656,0.0,255.79824888781184,0.18895845844938508,0.6448511204959742,-0.3074616580359498,0.33156719109313104,0.9845847396832111,-0.28329179695603096,0.6549473036759174
0.35,0.5,0.15,0.2412114102825833,-0.32676811701262654,0.7594732484669705,0.6880128972227404,0.7381730276741251,0.11692043148394507,1.6182920972932338,-0.25941388448876723,0.1559049740059033,0.0,256.0107403762244,0.18716426684806153,0.6223738043808735,-0.32676811701262654,0.3348934552090659,0.9632539530108601,-0.294442341069099,0.6461160137838091
0.35,0.55,0.1,0.2407168261142365,-0.3460189988602208,0.7366931026647012,0.6678287484210165,0.6956751707482901,0.12600511713022983,1.4976917637336298,-0.26570202385422304,0.10691058772342599,0.0,253.40573520428768,0.18490837585147535,0.5989304506990455,-0.3460189988602208,0.3375594781662663,0.940791211553896,-0.3056906425635694,0.636624198168048
0.35,0.6,0.05,0.23968636991336978,-0.36519206517110164,0.7135458427209195,0.7315728482085003,0.6563296215131912,0.13576154220207243,1.3824708151444727,-0.27212465762010296,0.03995086146723281,0.0,248.0598411818555,0.18219215102317587,0.575247821041511,-0.36519206517110164,0.33955855480446906,0.9179023514948214,-0.3207163554836231,0.6266982758075617
0.35,0.65,0.0,0.23811945535210133,-0.38426582055163483,0.6905671462393912,0.5798822413642908,0.6196737847000487,0.1460387114976137,1.274452872416247,-0.2786786980723115,-0.024505015101599192,0.0016891891891891893,240.1380341225199,0.17901738047205407,0.5518670789379785,-0.38426582055163483,0.3408847327761102,0.8951053830007369,-0.33875433639082,0.6165386661935918
0.4,0.0,0.6,0.22080701074528553,-0.26841851174132475,0.7812513976812845,0.7120801954190732,0.8226221407489119,0.0938387617117364,1.7989049265573682,-0.21272412400703267,-0.1455499920268113,0.01266891891891892,167.31115452584933,0.18170297998650597,0.6531902627057151,-0.22856964632602034,0.28822017245359954,0.9843133471372957,-0.26841851174132475,0.6635999243588492
0.4,0.05,0.55,0.22508767797411733,-0.24277026309872526,0.803249972980048,0.7372888674145607,0.9271632987545221,0.08586083391835447,2.015909583858775,-0.21756822631685335,-0.09161067147756852,0.007601351351351352,183.03535145109117,0.18366785248663997,0.6692548946813671,-0.21454199891994621,0.29660216689259156,1.0131564824852157,-0.24277026309872526,0.6605641934400129
0.4,0.1,0.5,0.22886213664286092,-0.2480985784706152,0.8185881034086322,0.751043207719449,0.9224645221817237,0.08419785608480011,2.1005539198614955,-0.2225713181314103,-0.03521453383631057,0.002533783783783784,198.07014572942833,0.1851768525679045,0.6800158647227978,-0.2004714243913699,0.30440100437305984,1.0331514095816972,-0.2480985784706152,0.658195747899258
0.4,0.15,0.45,0.2321250526965386,-0.2535956239861785,0.826786522101335,0.752623363785912,0.9153354030635398,0.08547668827527909,2.1073003216554542,-0.22773094489917123,0.023679314001419538,0.0,212.01758341637503,0.1862278959288326,0.6848612743556929,-0.20967804981463659,0.31160450727697797,1.0442153478493639,-0.2535956239861785,0.6558621033163452
0.4,0.2,0.4,0.23487158457518698,-0.2592581110275972,0.8279124199120492,0.7576023062288859,0.9059372670897291,0.08783042758673808,2.0820983069288803,-0.23304457956787417,0.08510694519664308,0.0,224.48490743864647,0.1868193154812292,0.6836258287452861,-0.22877245059571993,0.3182010945799447,1.0469001685101118,-0.2592581110275972,0.6530000178700737
0.4,0.25,0.35,0.2370973916913155,-0.26508266169657674,0.822537864230564,0.7511773073494676,0.8944281386562574,0.09113365920750677,2.031054094622252,-0.2385096242202156,0.14909916105459065,0.0,235.10244503981954,0.18694986400229374,0.6766166006395088,-0.24794294146260035,0.32417980486491693,1.0422392022271938,-0.26508266169657674,0.649195116815435
0.4,0.3,0.3,0.2387986421940571,-0.2710658116471863,0.811606818022619,0.7380619547475039,0.880961862150556,0.09533010760189639,1.9594926187866923,-0.24412341175154728,0.21568103379633197,0.0,243.541461828768,0.18661871620425874,0.6645412550958413,-0.2671637228389939,0.329530318500759,1.0315399331436208,-0.2710658116471863,0.6442225198889295
0.4,0.35,0.25,0.239972020000905,-0.286409590783161,0.7962599702430982,0.7175170019550989,0.8378630734561762,0.10142260005008265,1.8533543796755765,-0.24988320758838112,0.21288049966132627,0.0,249.5308045033265,0.18582547021511253,0.6483674097403065,-0.286409590783161,0.3342429789310446,1.0161842656674043,-0.2772040129813483,0.6380411817481498
0.4,0.4,0.2,0.24061473107879294,-0.3056559696079428,0.7776691179026668,0.7012290846816646,0.7872076942826387,0.10811339235915202,1.7446009875651296,-0.25578621144651226,0.18787118489742505,0.0,252.87117554921232,0.18457014846462694,0.6291618168339279,-0.3056559696079428,0.3383088130193972,0.9974767331617053,-0.28349363720414333,0.6307533759105054
0.4,0.45,0.15,0.24072450895720432,-0.3248789422849411,0.7569145210918387,0.6856000229656508,0.7409667960137363,0.11595959375973541,1.6275023293737603,-0.26182955912751604,0.14865743099309814,0.0,253.44600572807164,0.18285319797058208,0.607953039120308,-0.3248789422849411,0.3417195503986059,0.9765534696529983,-0.29427092452783066,0.6225496688228794
0.4,0.5,0.1,0.24029961945687672,-0.34405527862463225,0.7349149586107615,0.6641911220781093,0.6984331716039329,0.12496645373744814,1.5068013360808832,-0.26801032435236205,0.08350616439007297,0.0,251.2281073646698,0.1806754900207348,0.5856406629262578,-0.34405527862463225,0.3444676417717587,0.9543447053984102,-0.30551308105198416,0.6136573709829202
0.4,0.55,0.05,0.23933886461860876,-0.3631624612294752,0.7124031295162123,0.6436606122743839,0.6590407604583758,0.13463411181583623,1.3914665614229067,-0.27432552063086546,0.01797348080878103,0.0,246.28158630726736,0.17803831924669855,0.5629528185039444,-0.3631624612294752,0.34654627611480127,0.9315748241665965,-0.31684718862036537,0.6043023103458942
0.4,0.6,0.0,0.23784158581755288,-0.3821787092221608,0.6899319305107126,0.5817173283343777,0.6223308103730482,0.1450664481885469,1.2810790374905259,-0.2807721031656858,-0.04511118339918041,0.004222972972972973,238.7588370713021,0.1749434020864955,0.5404409384728577,-0.3821787092221608,0.34794939673108494,0.9087838031983433,-0.33131861773895915,0.5946859270278012
0.45,0.0,0.55,0.22383225047709487,-0.2537081157129108,0.7892468918601384,0.722587076636369,0.8822431629675471,0.08907380254379682,1.9290997528999219,-0.22107045701137829,-0.10815128218724468,0.008445945945945946,178.28233141245076,0.17861539336944166,0.6431513256811562,-0.2230135531139656,0.3024171910301223,1.0164881250812092,-0.2537081157129108,0.6327189760625818
0.45,0.05,0.5,0.22767327804973525,-0.2536834631143235,0.8052150178824649,0.7389887886607676,0.8974699227719599,0.08621130273952411,2.0377058746056593,-0.22596835263883264,-0.052623897158272426,0.004222972972972973,193.21097493524044,0.1801926576389552,0.6543872899599537,-0.20912083651185534,0.31031332279114965,1.0370447636261984,-0.2536834631143235,0.6310116138784408
0.45,0.1,0.45,0.2310034028507002,-0.25906920193540656,0.8143901123666326,0.743041016378883,0.8916667868081672,0.08689282509359167,2.0600481415801233,-0.23102233456659493,0.005374814550049178,0.0,207.11984776328163,0.1813134266000629,0.6601052916520675,-0.20867916056325705,0.3176125975825925,1.0489669888122843,-0.25906920193540656,0.6292908153377507
0.45,0.15,0.4,0.23381771682231256,-0.26461934450239893,0.8167552842585241,0.7484393920184688,0.883600241932399,0.08898143467066458,2.0433219299649514,-0.23622991788531422,0.06588155490493341,0.0,219.61998096853705,0.18197597025913703,0.6600744538382886,-0.22763343879218564,0.3243033237266346,1.052704394016422,-0.26461934450239893,0.6270273569580935
0.45,0.2,0.35,0.2361118118372625,-0.2703305699932653,0.8127750108826122,0.7412625835525576,0.8734188362165058,0.09200234318939574,2.0011643775012393,-0.24158854701115617,0.1289278860937042,0.0,230.34281873890737,0.18217897710151898,0.6545036094045217,-0.2466740939238427,0.33037442943315964,1.0491765949358993,-0.2703305699932653,0.6238259722563763
0.45,0.25,0.3,0.23788178755058897,-0.2761994716762477,0.8032847803529652,0.7302473431132794,0.8612680759557226,0.09609010183078291,1.9344530186671203,-0.2470955973405511,0.19453977906172315,0.0,238.95790508709098,0.18192155624347595,0.6439905097182707,-0.2657751022345196,0.3358154851344295,1.0395887838279407,-0.2761994716762477,0.6194665811485474
0.45,0.3,0.25,0.23912425852086927,-0.2849110240114454,0.7893341989241537,0.7123722147314164,0.8392945108058129,0.1019677369622039,1.8351320142588838,-0.25274837694562224,0.219911131185059,0.0,245.1895293904016,0.18120323899652813,0.629401780449221,-0.2849110240114454,0.34061672493125905,1.0252460719615464,-0.2822225597625439,0.613903137658476
0.45,0.35,0.2,0.23983636058222824,-0.3040570371256123,0.7720308368020136,0.6971313020531759,0.7887874026844077,0.10849335756207522,1.7313166889019578,-0.25854412830913065,0.18413925295870004,0.0,248.83118027215238,0.18002397983823593,0.6117257411145408,-0.3040570371256123,0.34476906709669697,1.0074058321540713,-0.2883962643184239,0.6072287072296642
0.45,0.4,0.15,0.24001575644970385,-0.3231889683786876,0.7524184567579371,0.6804674528460787,0.7426483572560315,0.11567830975519289,1.6253328463010646,-0.26448003009768317,0.12187374551826902,0.0,249.75676529830528,0.17838415678422392,0.5919397299340076,-0.3231889683786876,0.3482641335841634,0.9871835353887041,-0.29471693823388245,0.5996247999627861
0.45,0.45,0.1,0.23966064054137814,-0.3422833226140613,0.7314023935565718,0.6612007511696174,0.7001820559385112,0.12443953356558815,1.5080468012399624,-0.2705531989719897,0.060110138406718194,0.0,247.92775692093932,0.17628457115682994,0.5709169178634322,-0.3422833226140613,0.3510942684880145,0.9655086143788191,-0.3053371193730159,0.591312091224317
0.45,0.5,0.05,0.2387697430016138,-0.36131730958740127,0.7097181623182572,0.641974198462126,0.6608311771010138,0.1342445509151904,1.3912649841527378,-0.27676069143288595,-0.003997722597776976,0.0008445945945945946,243.39570753324674,0.17372644674641124,0.5493778619203337,-0.36131730958740127,0.35325255540561695,0.9431173879025098,-0.316665052547644,0.5825127062307147
0.45,0.55,0.0,0.23734233291062035,-0.3802688685972942,0.6879312365782375,0.5807351727973507,0.6241434745529131,0.14462956011457817,1.2814968998300817,-0.28309950570183784,-0.06571315164264646,0.005067567567567568,236.29991384143645,0.17071142836192288,0.5278786924742801,-0.3802688685972942,0.3547328336512314,0.9205685141109686,-0.3320051436873694,0.5734268382881578
0.5,0.0,0.5,0.22626460681738614,-0.25958916543796207,0.78958588568043,0.7175389011681393,0.8716257723454949,0.08881662018757572,1.9620720361723862,-0.22959712076019922,-0.07057003868295042,0.004222972972972973,187.6016010368375,0.175054259073119,0.6273008820868179,-0.2178068849865174,0.31594351184276204,1.037199800647425,-0.25958916543796207,0.6048023550479413
0.5,0.05,0.45,0.22966146623664008,-0.26486308259269303,0.7996364749806487,0.7323370888329509,0.867095043931864,0.08904290030513276,1.9952344951459204,-0.23454560064000818,-0.013503729545811138,0.0016891891891891893,201.4030085578315,0.17624430869650598,0.6337465506293928,-0.2121215250394198,0.32333767893927723,1.0499719221939718,-0.26486308259269303,0.6035842837636514
0.5,0.1,0.4,0.23254316297086275,-0.2703003029529566,0.8032000194592986,0.7324734918402926,0.8603141040923467,0.09075675892302883,1.989308180605944,-0.23964723164836288,0.046042862913952876,0.0,213.8716043907592,0.1769775823941575,0.6348216514223063,-0.22824569654031215,0.33012177934971865,1.054829572878948,-0.2703003029529566,0.6018239038271239
0.5,0.15,0.35,0.23490522187624352,-0.27589756311300284,0.8006358367438451,0.732345092319805,0.8514218800114245,0.09343005386369624,1.9576700891458474,-0.24489950049252573,0.10748055299537329,0.0,224.64187892358154,0.17725270475741306,0.6306454926445186,-0.24563599096767302,0.3362846321554054,1.0525714026806479,-0.27589756311300284,0.5991474697473399
0.5,0.2,0.3,0.23674367456732703,-0.2816515143242102,0.7926651872433169,0.7220715223528624,0.8405553051449616,0.09746068219724953,1.8955713258134854,-0.25029982504552517,0.1706221714525249,0.0,233.3834790514562,0.1770687196566869,0.6217062172007066,-0.26460941748384126,0.3418156989819625,1.0442865933777539,-0.2816515143242102,0.5953406096977579
0.5,0.25,0.25,0.23805506662698694,-0.2875587253046494,0.7802348233619495,0.7090138751631065,0.8278485251135517,0.103107789187625,1.8044714962166726,-0.2558455560185058,0.2182606806392915,0.0,239.81776273228988,0.1764250918891066,0.6087622206707751,-0.28362767540441314,0.34670510560053347,1.0311864741382928,-0.2875587253046494,0.5903512467805447
0.5,0.3,0.2,0.23883646406878367,-0.30266570405789595,0.7643735865973516,0.7851256911153506,0.7891097698439511,0.10946320900377295,1.7068425617080516,-0.2615339786724764,0.1559941434267047,0.0,243.73234478069324,0.17532170823382565,0.592711471987389,-0.30266570405789595,0.35094366258762366,1.014464226352739,-0.29361568510767283,0.5842605944995615
0.5,0.35,0.15,0.23908545903407563,-0.3216990814662437,0.7460745492690664,0.673981555463405,0.7431959642047133,0.11646482917879554,1.6063687239592657,-0.26736231456821746,0.09521444927060285,0.0,244.99258946938517,0.17375887790964284,0.5744668339758316,-0.3216990814662437,0.35452288499024154,0.9951999065660448,-0.2998188060466701,0.5772376285263529
0.5,0.4,0.1,0.2388001747071551,-0.34070405439348544,0.7262177010860813,0.6569905378209778,0.7009020633237324,0.12481208257330077,1.496651372654161,-0.2733277233531346,0.036016261868920374,0.0,243.54919346478,0.17173733243018785,0.5548630688296078,-0.34070405439348544,0.35743501094403674,0.9743108109602591,-0.30616442667315813,0.5694928790564759
0.5,0.45,0.05,0.2379792694325733,-0.35965756614107564,0.7055325756903099,0.6391919102403054,0.6616829224141109,0.13447114923272852,1.3830421655034715,-0.2794273045838169,-0.02594487854985761,0.0016891891891891893,239.44127131589923,0.16925822485255693,0.5346037880744716,-0.35965756614107564,0.3596730191932247,0.952537416207723,-0.3164845245373068,0.5612417727409132
0.5,0.5,0.0,0.2366219400197227,-0.37853728208892246,0.6845914740665353,0.5775911344487945,0.6250954693655186,0.144800498601311,1.2750090075867402,-0.28565809958300636,-0.0862940876969277,0.008445945945945946,232.79468201756978,0.16632312841587038,0.5142433677801733,-0.37853728208892246,0.36123064546229,0.9304523992292313,-0.3326937213371826,0.552681005719543
0.55,0.0,0.45,0.22809975784819203,-0.27096912309717897,0.7829158925857397,0.7124332672574984,0.8417924346545843,0.09186553034001542,1.9169296383138095,-0.2382972724033665,-0.03291401902975288,0.002533783783783784,194.94078059645034,0.1710224368584552,0.6061804306186238,-0.21817009212522534,0.32877575321562946,1.047666928561319,-0.27096912309717897,0.5786003300219137
0.55,0.05,0.4,0.23104841785334873,-0.2762929484726213,0.7876031132998311,0.7220213520974395,0.8362443527082777,0.09303680006295316,1.924490284835635,-0.2432931046798451,0.02443577499140992,0.0,207.31429598653662,0.17182602793519397,0.6082397173219785,-0.2340309773855955,0.33565242798266226,1.0536608846974913,-0.2762929484726213,0.5772632600825888
0.55,0.1,0.35,0.23347809628459837,-0.28177570942574365,0.7864322701729953,0.7176159184887787,0.8285955406178361,0.09544269920070195,1.90143507889458,-0.24843912360737397,0.08408145027074476,0.0,218.07390867963926,0.17217290392175766,0.6053789492046685,-0.25004398827188423,0.34190634540782394,1.0527486227792975,-0.28177570942574365,0.5750460614295979
0.55,0.15,0.3,0.2353847571911627,-0.2874141155135073,0.7800102699949473,0.7150230647405859,0.8189742412985299,0.0995033837385996,1.8430002106553853,-0.2537327894930135,0.14608634090076889,0.0,226.89117701372686,0.17206204380927437,0.5979818443980895,-0.26618878704471244,0.34752685948352946,1.0458962322571221,-0.2874141155135073,0.5717410828678483
0.55,0.2,0.25,0.23676487758513476,-0.29320479431136537,0.769174477979698,0.7013525858220381,0.8075068422438724,0.10493475871619942,1.760759540933804,-0.2591714956620327,0.18875362250516536,0.0,233.4861785437902,0.17149284619920513,0.5866965295974912,-0.28256023308563327,0.3525039887072312,1.0342095704896097,-0.29320479431136537,0.5672897895537174
0.55,0.25,0.2,0.23761545399357886,-0.30148271149518513,0.7548643798587615,0.6832104175363198,0.7881561526866316,0.11108653518723371,1.6709086630591947,-0.26475257014644027,0.12800179355192576,0.0,237.64206007220312,0.17046513044292633,0.5723229938466606,-0.30148271149518513,0.35682843689519195,1.0188039929245898,-0.2991442942380059,0.5617596690053639
0.55,0.3,0.15,0.23793400824686062,-0.3204100699093427,0.7380103736020585,0.6675214544357995,0.7425921673253966,0.11817019037584768,1.5734425717305345,-0.27047327741158056,0.06869839949896672,0.0,239.21672590787526,0.168979137184736,0.5556991466539072,-0.3204100699093427,0.36049161300255084,1.0007109602053255,-0.30522908743590754,0.5553043473610892
0.55,0.35,0.1,0.23771859248634097,-0.33931830415340786,0.7194559605382546,0.6509819526183982,0.7005769791271471,0.12594621182590124,1.4745865698848066,-0.2763308201195732,0.010936053978295002,0.0,238.1507968207605,0.1670355283034115,0.5376106204096159,-0.33931830415340786,0.3634856498971346,0.9808244724989414,-0.31145557270486157,0.5481211322550846
0.55,0.4,0.05,0.23696779337542795,-0.35818409771700277,0.6999156488076739,0.6353528938125639,0.6615809995078384,0.13534203127802213,1.366669257353347,-0.28232234092835684,-0.04785046545812366,0.005067567567567568,234.4712260013898,0.1646353862480645,0.5187348530727861,-0.35818409771700277,0.3658034220354862,0.9598806992483421,-0.31782007848561256,0.5404159636494348
0.55,0.45,0.0,0.23568073549889812,-0.37900782418074874,0.6799620189082123,0.5729519611733128,0.6218360689738743,0.1457649997850542,1.2601154993980357,-0.2884449243250866,-0.10683748560794015,0.010135135135135136,228.29027202351259,0.16178021276461263,0.4996174852655931,-0.37900782418074874,0.3674385619908489,0.9384605635286155,-0.33338434434626524,0.5323798406477831
0.6,0.0,0.4,0.2293340613061121,-0.2825889285501074,0.7703408883122296,0.7047190705532839,0.8115465191179548,0.0958161673560444,1.8507738954654118,-0.24716397651029687,0.0017007817623464483,0.0,200.03140443728748,0.16652322288876076,0.5807083283320597,-0.23989133849930477,0.3408913669269542,1.0496240548895897,-0.2825889285501074,0.5532536393643765
0.6,0.05,0.35,0.2318309946307764,-0.28795676166964224,0.7705029768612063,0.7084137413735093,0.8050896019477535,0.09783449036623566,1.8381144927273942,-0.2522039101465373,0.06020750505070538,0.0,210.72290763526757,0.16694147165983764,0.5790560074911834,-0.25564662005626404,0.34723563259433377,1.0500794040673094,-0.28795676166964224,0.5514402103767634
0.6,0.1,0.3,0.23380557452053052,-0.29347913456206665,0.7656135019198029,0.7017694599002078,0.7966684748113975,0.10203394591841763,1.781814599877331,-0.2573910393183445,0.12104188377801162,0.0,219.56452381676277,0.16690340632186484,0.5731320414776695,-0.2715405930807761,0.35294499731295037,1.0447295492120794,-0.29347913456206665,0.5485936928939339
0.6,0.15,0.25,0.23525420984323375,-0.299152733964004,0.7563989344282297,0.7878937351935816,0.7864016708987893,0.10737905876512761,1.7066103200258944,-0.26272279992220504,0.1594294207274487,0.0,226.27669947861128,0.16640835961596312,0.563476999794255,-0.2875532225981595,0.3580093734051202,1.0345685236395183,-0.299152733964004,0.5446492783406883
0.6,0.2,0.2,0.23617382799526787,-0.3049741679904737,0.7437029784319789,0.7697463765009808,0.7744060080611321,0.11367121627739728,1.6202327557208478,-0.26819656273566006,0.10018144536821105,0.0,230.63956063609572,0.16545608375314158,0.5507897127815705,-0.30366478267246005,0.362419358905147,1.0206241237524256,-0.3049741679904737,0.5396597042567812
0.6,0.25,0.15,0.23656188078054896,-0.3198558784505356,0.7283842022085721,0.7496006218772199,0.7395889734042587,0.12067535810637131,1.5294081880234722,-0.2738096351205699,0.042343906886451954,0.0,232.5047178999745,0.16404675104246946,0.5358259800064198,-0.3198558784505356,0.3661662575322009,1.0038683091418017,-0.3109399689709303,0.5337612265741238
0.6,0.3,0.1,0.23641634951030444,-0.33812680787793176,0.7112399046137781,0.6432704735750328,0.699194337751693,0.1282876514292169,1.4375222202275388,-0.2795592627631225,-0.01399262646707633,0.0016891891891891893,231.80353632765886,0.16218095391883214,0.5193135220172623,-0.33812680787793176,0.3692420976178159,0.9851614970821202,-0.3170465963379278,0.5271354225224799
0.6,0.35,0.05,0.23573574930747276,-0.35689768124500154,0.6929608470118597,0.7131173198700242,0.6605135356585462,0.13689222437400347,1.3421927370066544,-0.2854426314493501,-0.0696973306599683,0.006756756756756757,228.5512354667652,0.15985970436587582,0.5018951126088356,-0.35689768124500154,0.3716396499362531,0.9652269569100057,-0.32329043956556763,0.5199762698459638
0.6,0.4,0.0,0.23451913260045432,-0.38036759458109204,0.6741129498572435,0.569356148114726,0.6165591810173415,0.14736862958550637,1.2385209329408393,-0.2914568688749195,-0.1273271848479215,0.014358108108108109,222.84648469945222,0.15708443273031159,0.48410058170904063,-0.38036759458109204,0.3733524443871328,0.9446473657760313,-0.3340770063731019,0.5124669789465303
0.65,0.0,0.35,0.22996456136317267,-0.2944321728014511,0.7531935030233682,0.692633627528826,0.7810442696364168,0.10072485580056613,1.7668385816857375,-0.25619021289038724,0.03590924986114108,0.0,202.68082448032257,0.1615603444657745,0.5520257958128348,-0.26132217350908393,0.35226869132786853,1.0449554595153363,-0.2944321728014511,0.5282768665268005
0.65,0.05,0.3,0.23200675060655063,-0.29983812990234726,0.7497822880235401,0.6874024375460563,0.7737733379077295,0.10512524426734679,1.712307560958153,-0.26127098127864756,0.09554195790139008,0.0,211.49580777189212,0.16159472439503886,0.5474763367105914,-0.27696394995271933,0.35806627758463927,1.04112556567816,-0.29983812990234726,0.5258504399072946
0.65,0.1,0.25,0.23352366684566883,-0.30539420950696833,0.7421727877190315,0.6820138149215811,0.7646630472223817,0.11067333409365793,1.6401752809945476,-0.266495930119649,0.13030764136690376,0.0,218.28075266428377,0.16117352954545883,0.5393866615248192,-0.2927312528974826,0.36321739346485504,1.0325477556618612,-0.30539420950696833,0.5223842273320068
0.65,0.15,0.2,0.23451216872371483,-0.31109707971078415,0.7311105960349706,0.6725706496797975,0.7538231118779142,0.11690626747551155,1.5611837813737899,-0.27186247289307297,0.07255174685716548,0.0,222.8142282009611,0.1602964452918152,0.5283554247122118,-0.3086043579442782,0.3677125322408523,1.020156526389773,-0.31109707971078415,0.5179160364557057
0.65,0.2,0.15,0.23496963832448614,-0.32456386237220425,0.7173764366187588,0.6543217962169542,0.7239550226174811,0.12377201115894679,1.478279593352639,-0.2773679598311112,0.01616871909795714,0.0,224.94277854085914,0.15896357586412324,0.5150526769530976,-0.32456386237220425,0.3715428932928251,1.004856149507655,-0.3169433333407052,0.5125635915204936
0.65,0.25,0.1,0.23489398636376024,-0.34059070648423206,0.7017136339700462,0.6370251552509409,0.6896664585727176,0.13139641193850604,1.3919252715162058,-0.2830096796350242,-0.03875291282915316,0.005067567567567568,224.58943566703996,0.15717544446139264,0.5001418507777721,-0.34059070648423206,0.3747004011880013,0.9874646222050077,-0.32292949079859856,0.5064909056295664
0.65,0.3,0.05,0.23428365658663486,-0.35822121927195727,0.6847813369901002,0.6235159204175688,0.6540194828848749,0.13964366748244594,1.3053485336852029,-0.288784861227118,-0.09213484659860005,0.009290540540540541,221.75825170961093,0.1549329927615184,0.4842238320372907,-0.35822121927195727,0.37717772366348434,0.968684148277977,-0.3290520029542623,0.49987793533949326
0.65,0.35,0.0,0.23313762935539084,-0.3819319654959526,0.6671319216508413,0.5649562119024965,0.6104166459402085,0.14964991258814353,1.2104091891714344,-0.2946906755368943,-0.14774738864650971,0.019425675675675675,216.53448512844074,0.15223757982332842,0.4678059303111999,-0.3819319654959526,0.37896828846187347,0.9490923986645062,-0.33530725408502937,0.4928981951277477
0.7,0.0,0.3,0.22998899420153296,-0.30648237516765775,0.7328224596280678,0.6714963552576768,0.7504150738707897,0.10927159929079529,1.6288678426666556,-0.26536888446356177,0.06963975066519645,0.0,202.7841693119919,0.15613795411055187,0.5213244897833007,-0.2824581033496765,0.3628870029686706,1.035431150987088,-0.30648237516765775,0.5034854217842648
0.7,0.05,0.25,0.23157393679516436,-0.311920600203923,0.7267659564458697,0.6681471067018379,0.7424130905229385,0.11465502167132563,1.566210831217997,-0.2704872090320575,0.1014072080589623,0.0,209.59736297748137,0.15579029242127884,0.5147062546933415,-0.29797871587703145,0.36812432041396614,1.0284463854451915,-0.311920600203923,0.5004697006840436
0.7,0.1,0.2,0.23263114361521642,-0.3175045156331108,0.7173187035522169,0.662667359953027,0.732686094720086,0.1208406701393626,1.4947876688113275,-0.2757466776734242,0.04513073612419172,0.0,214.26371521747,0.15498813134602485,0.5052673384566758,-0.31361196376439904,0.3727041984270463,1.0176523763512422,-0.3175045156331108,0.49650288271157444
0.7,0.15,0.15,0.23315792735341456,-0.3293384406371634,0.7051807045980651,0.7352864252463258,0.7079584360159397,0.12776440070779593,1.4179061330842266,-0.2811446834461674,-0.009809994394871624,0.0008445945945945946,216.62596915512069,0.1537315073087695,0.49359177324111136,-0.3293384406371634,0.37661773298697176,1.0038803915946208,-0.32323077504308484,0.49168384737255605
0.7,0.2,0.1,0.23315212838660315,-0.345139073951044,0.6910357799766311,0.630451510326294,0.675530955442253,0.13524792371008598,1.3394078327953949,-0.28667855803957376,-0.06332848588313467,0.007601351351351352,216.5998291509749,0.15202087449767054,0.4802749495684823,-0.345139073951044,0.37985674570888883,0.9878990152364885,-0.3290959600940578,0.4861579393856482
0.7,0.25,0.05,0.23261211926658487,-0.3653983629723414,0.6755048835128575,0.615692186229962,0.63659869019225,0.14354510292026756,1.2582255722572875,-0.29234557350213497,-0.11534821075267676,0.01266891891891892,214.17886928390303,0.1498571044617405,0.46587030418846165,-0.3653983629723414,0.38241380197743835,0.9703821214922392,-0.33509658336582954,0.4800895377916209
0.7,0.3,0.0,0.23153680840174884,-0.38771724799317003,0.659120442530696,0.558584889459993,0.5971795415349372,0.15257535707225794,1.1767090822977544,-0.29814294400404984,-0.1680826813830847,0.021114864864864864,209.43527215078038,0.1472414851005186,0.45085670424440233,-0.38771724799317003,0.3842822279336435,0.9518957912928222,-0.34122909125134765,0.4736408211576069
0.75,0.0,0.25,0.22940579236222725,-0.3187230156299225,0.710442071231319,0.6535400815149268,0.7197653796944373,0.1192851293837187,1.487241479963063,-0.27469282517055116,0.07274638695470914,0.0,200.3311387033921,0.15026062299228582,0.48970303831385525,-0.30329488388979914,0.37272656658163084,1.0225640773934133,-0.3187230156299225,0.47889716560564327
0.75,0.05,0.2,0.23053150461537997,-0.32418769104341755,0.7025588784901997,0.6469799204521921,0.7111050511307214,0.12540554323360564,1.4236332781782317,-0.2798454189818409,0.01793582692600837,0.0,205.0919425208659,0.14953309665967196,0.4817661191947366,-0.31868691856501563,0.3773907399587966,1.0133698671960296,-0.32418769104341755,0.47540995128241975
0.75,0.1,0.15,0.23112747886377893,-0.3341789756312607,0.691995386061044,0.6395739023585958,0.6916278273556302,0.13222980252085514,1.3546679753645336,-0.28513610185584404,-0.03557565620217029,0.0033783783783783786,207.65623514294955,0.14835247961976394,0.47165458036144997,-0.3341789756312607,0.3813871303980978,1.0011584456954286,-0.3297936164170912,0.4711088263694639
0.75,0.15,0.1,0.23119148542361656,-0.35098150458515115,0.6793726974621676,0.6218548554695165,0.6586999098339311,0.13967657884668966,1.2829028810928913,-0.2905622484250857,-0.08770358712608228,0.009290540540540541,207.93346070652908,0.14671915729184093,0.459894600749303,-0.35098150458515115,0.38470745741483925,0.9866440226280948,-0.33553743491147825,0.46612009012561106
0.75,0.2,0.05,0.23072182585981382,-0.3726129959008387,0.6652685504095117,0.6076958714993335,0.6191996210492199,0.14802465000621684,1.207378810571805,-0.29612117383619785,-0.13837320628104033,0.017736486486486486,205.90751022319378,0.14463393128999535,0.4469884895888729,-0.3726129959008387,0.3873441847652894,0.970466122780424,-0.34141572108310303,0.4605915436885454
0.75,0.25,0.0,0.22971733676104167,-0.3945648989317232,0.6501898518267272,0.5533565630458063,0.5822041884186782,0.1571415337443192,1.130938030999499,-0.301992195198327,-0.18831804501825378,0.02533783783783784,201.63796906391994,0.142098018500308,0.43338186856803956,-0.3945648989317232,0.38929053758306176,0.9531732130409443,-0.3474249837317443,0.4546727317120097
0.8,0.0,0.2,0.22821408784980446,-0.3311375667473898,0.6870543414047255,0.6337684867060631,0.6891821127135928,0.13052229139256183,1.3500689113694684,-0.28415480791248937,-0.009016204444180831,0.002533783783783784,195.40702784826573,0.1439333337084514,0.458077654211126,-0.3238285207336732,0.38176868327196645,1.0075640101599566,-0.3311375667473898,0.4546387619962761
0.8,0.05,0.15,0.22887910805792933,-0.33908481051186673,0.6780161542203383,0.6271071175447237,0.6749907426181198,0.13720661470498066,1.2891441745593082,-0.28933837924872996,-0.06111229361164516,0.006756756756756757,198.1403552919667,0.14282846490902523,0.4494438174958909,-0.33908481051186673,0.38584758338450276,0.9969102817429201,-0.3366229239834872,0.45083677611401346
0.8,0.1,0.1,0.22901285152218387,-0.3586048376808108,0.6668921777953114,0.6148756214153461,0.638621757038384,0.1451227728695941,1.2197455163101514,-0.29465696866724134,-0.11186303085624727,0.01266891891891892,198.69448020850058,0.14127224409933636,0.43917875056766353,-0.3586048376808108,0.3892490066896379,0.9838856156812391,-0.3422450888289921,0.4463717566025982
0.8,0.15,0.05,0.22861354904884013,-0.37986316662560576,0.6542135902541835,0.5990308804413137,0.6018313148907177,0.15363739863937112,1.149547900530393,-0.3001079343670946,-0.1611954166365389,0.021114864864864864,197.04449201062948,0.13926540316956038,0.4277318749490075,-0.37986316662560576,0.3919653160785803,0.9690906038598518,-0.3480006980367761,0.44137449403117457
0.8,0.2,0.0,0.22767996556292536,-0.401448097130486,0.6404572848821937,0.5457158414157584,0.5671467051167032,0.16253725647588457,1.0808596710194303,-0.3085253851494886,-0.20904584748168054,0.03125,193.23798534701257,0.13680908815531123,0.4155120906334234,-0.401448097130486,0.3939896363102797,0.9530509214824292,-0.35388632305706086,0.43598099667865853
0.85,0.0,0.15,0.22641371397636556,-0.34515102319849694,0.6634299004160994,0.7107886599999296,0.655984478557245,0.1434632944289372,1.215737549249988,-0.29374755250946405,-0.0864045498884135,0.01097972972972973,188.1878614119186,0.1371614724198429,0.427147711045212,-0.34515102319849694,0.3899957367715705,0.9913511144009244,-0.34370952505862473,0.43087429351742673
0.85,0.05,0.1,0.22661710457816264,-0.36626148923099666,0.6537580368232117,0.6055057114863855,0.6187303640739527,0.15124791195323736,1.1545091917179693,-0.2993089289757477,-0.1357922150197196,0.016047297297297296,188.9903932326772,0.1356821234389558,0.4182961749288565,-0.36626148923099666,0.39347801098153967,0.9798098924130237,-0.34920985480372785,0.42691564778826524
0.85,0.1,0.05,0.2262881453456893,-0.38714691574515664,0.6424808303499009,0.5886713882869216,0.5845019968973374,0.15958794260807893,1.0921134923940439,-0.31006540313444375,-0.18380097753636226,0.02787162162162162,187.69403314204519,0.13375348740500725,0.4082488803792534,-0.38714691574515664,0.39627378706992045,0.9664136555853893,-0.3548425541653975,0.422436994779387
0.85,0.15,0.0,0.22542552971827035,-0.4083649829926858,0.630041874094981,0.6962547522951164,0.5520197350572243,0.16833371629037372,1.0302483277866528,-0.32104408329654865,-0.2303687389875766,0.037162162162162164,184.33510174650883,0.13137663968325097,0.39737593015217704,-0.4083649829926858,0.398376090092192,0.9516611323093772,-0.36060425744080893,0.4175603233767389
0.9,0.0,0.1,0.22400520593006412,-0.3739493910901843,0.6401257821105424,0.5900265601121655,0.5990254597741581,0.15777849417383996,1.090168890448081,-0.31201248448735097,-0.15987458135382315,0.022804054054054054,178.93001973514595,0.1299508203441455,0.3974023238393612,-0.3739493910901843,0.3973912376134858,0.9745978205754934,-0.35642244190192773,0.4077603247713994
0.9,0.05,0.05,0.2237465546998174,-0.3944622765534244,0.6302067653720935,0.5822612754670081,0.5672191436270689,0.16589034591181068,1.0353016853139843,-0.322641704901804,-0.20617658618615387,0.03547297297297297,177.96225086393972,0.128100187942783,0.3886790502212057,-0.3944622765534244,0.4002663388253638,0.9625922751081311,-0.36193210402133963,0.4037836790011058
0.9,0.1,0.0,0.22295494754080547,-0.4194713324468415,0.6190613764821933,0.5307002172690545,0.531514147201132,0.17441732172228647,0.9801489086789562,-0.3334881235010525,-0.25147545917377323,0.041385135135135136,175.03153166731892,0.12580265545689384,0.37909651546687545,-0.4194713324468415,0.4024466148358341,0.9491379105430898,-0.3675697082587597,0.39941141456456963
0.95,0.0,0.05,0.22098980005463154,-0.4163951806573017,0.6175204671893069,0.5688670143033592,0.5307213203231304,0.17251031669182687,0.9795924284140965,-0.33514031866317284,-0.23011952673168612,0.03885135135135135,167.95520381600952,0.12230754461158799,0.3691501557155298,-0.4163951806573017,0.40393986508890345,0.9577785617626963,-0.36925995358775526,0.38542328096814527
0.95,0.05,0.0,0.22026922031750096,-0.4418620686680562,0.607629351306888,0.5222838671166739,0.498502215819244,0.18082559027800116,0.9305608794574041,-0.3458541548939442,-0.27244325659705326,0.04983108108108108,165.43001057087403,0.12008915385371743,0.3607888434840322,-0.4418620686680562,0.40619807912443706,0.9456137023710457,-0.3747733867435417,0.3815393564828692
1.0,0.0,0.0,0.21736943182787072,-0.46466647400036115,0.5958529460791118,0.46809620942743124,0.46779667565967276,0.18760023170734463,0.8814990809065,-0.35813891795822306,-0.295982166433417,0.05912162162162162,155.63196210217384,0.11423818848600287,0.342557768862686,-0.46466647400036115,0.4096275068526458,0.9412165553564217,-0.3822058108593631,0.36395212867135085
